"","x","a","y"
"1",-1.03970235271845,0,-3.7267283428265
"2",-0.453318551997654,1,12.5628882888594
"3",0.65069349843543,1,8.1782990506899
"4",2.49514284497127,1,24.2536238793052
"5",-1.39074937929399,0,-10.3406680255058
"6",2.44114326732233,1,19.7769163170926
"7",2.69571397732943,1,31.0740332951962
"8",1.13438785867766,1,-0.0199745364259716
"9",0.960127241443843,0,-2.85382691865472
"10",-2.1601755124284,0,-4.56375707944485
"11",-1.36713983805384,1,-3.30576202948854
"12",-1.52893786109053,0,-11.5829483164268
"13",1.27862565661781,1,-0.585956479459838
"14",-0.387429549824446,1,9.68780921136492
"15",1.73412780999206,1,4.67077066843763
"16",0.237345831468701,0,9.98853529151667
"17",1.44690179545432,0,-7.41136048986509
"18",2.95548352156766,1,34.2171790225716
"19",-0.409806513111107,0,5.56438338318015
"20",1.77594871725887,1,7.85607326558875
"21",2.6408787710825,1,27.8110684610389
"22",-1.33321613294538,1,-1.17607945433501
"23",1.08420571347233,1,4.52809696242493
"24",-1.80944697221275,1,1.0965163631432
"25",-1.03028632199857,0,-4.80750148081828
"26",-0.376372491009533,1,10.1383701659511
"27",-2.42635316762608,0,-2.75521180581143
"28",-0.396866236114874,0,8.54367788958827
"29",2.28329965146258,1,15.4365960541861
"30",-0.628080518217757,1,8.73285650324629
"31",0.151440635090694,0,9.97166210507021
"32",0.797612039837986,1,6.62697073528542
"33",0.214477188768797,1,13.3233739581388
"34",-1.47580319223925,1,-3.02299465056923
"35",2.05055325233843,1,12.0619627485957
"36",1.17656706005801,1,3.1646758020273
"37",1.86831923399586,1,6.15378796367535
"38",-1.90631005761679,0,-8.3862889291769
"39",1.48041020322125,0,-4.13243053754013
"40",-0.237990636960603,0,9.52189584373207
"41",2.01520461763721,1,10.5473285424266
"42",1.05883106600959,1,4.04769414351006
"43",1.80613019259181,1,3.8538965927751
"44",0.541699714027345,1,9.69282246295278
"45",0.413457691087388,1,15.6132245756881
"46",1.84145927429199,1,7.29578773784295
"47",-2.37167838716414,0,-1.13476647812456
"48",0.124765357701108,1,15.1299251104209
"49",1.5277255626861,1,2.72464085896839
"50",1.31002356065437,0,-5.47768259193847
"51",0.126907921745442,1,14.9651844071501
"52",2.23665212257765,1,16.3272021310469
"53",-0.0904659102670848,0,9.1853679280828
"54",-1.15361497632693,1,2.81656597666248
"55",-2.11126524070278,1,7.24591633295393
"56",-1.95293611905072,0,-9.52502696276266
"57",-0.760505610494874,1,7.33295863254248
"58",0.352488447562791,1,12.4526069966575
"59",1.14102792029735,1,5.35428486154888
"60",-0.262433970463462,0,8.66868995279175
"61",2.52081758342683,1,21.2413306370569
"62",-0.885181449819356,1,5.30305376980156
"63",0.0248614944284782,0,12.7232766093555
"64",-0.671829291968606,0,1.08267868193906
"65",1.0797875688877,1,1.28254256538451
"66",-1.08090770605486,1,-2.60850532520602
"67",0.131998865515925,1,14.4828705886818
"68",1.71470868855249,1,1.11298560958814
"69",-2.03664197097532,1,3.05438247706093
"70",2.31426731520332,1,18.5908644339601
"71",-0.635098841856234,0,4.29155116283603
"72",2.11692192603368,1,11.3032728456936
"73",-0.593240809626877,0,3.6739738519392
"74",-0.664237880613655,0,2.78562591160258
"75",0.119931847904809,0,13.4719909361413
"76",2.40709084714763,1,19.7771638030357
"77",2.25386708846781,1,14.101877151939
"78",-0.355057510896586,0,5.28186855993803
"79",1.77526384359226,1,5.62417689003817
"80",2.78339898469858,1,32.121369026306
"81",-0.109372833743691,0,11.7557743465364
"82",1.41883073293138,1,1.40147466888548
"83",-0.30003097106237,1,13.5726379805895
"84",-0.71056316467002,0,1.7616013879362
"85",1.66397931415122,1,3.24209559111313
"86",-1.38519259670284,1,-3.49361612306197
"87",1.41116672358476,1,3.49786533491015
"88",-1.83069443434943,0,-11.0339068989091
"89",-1.14981317322236,1,0.259593170252927
"90",-1.71182591316756,0,-10.9256235095974
"91",-1.18203821696807,0,-5.22735196272504
"92",-2.1758609249955,0,-4.72595564153842
"93",1.03258542192634,1,3.42999517658455
"94",2.31948066980112,1,18.4918619688211
"95",1.78403072594665,1,4.749292194702
"96",1.88519854238257,1,3.71216281892712
"97",0.00400949490722269,1,17.5518157174254
"98",-0.24453754874412,0,11.056693050822
"99",1.95978633523919,1,7.34795251595614
"100",0.82713309652172,0,1.97998123812875
"101",1.10098160442431,1,3.53776495427932
"102",-0.55741500435397,0,2.86803952059657
"103",-1.01356919761747,0,-2.69216713047234
"104",2.95976233645342,1,35.93366911191
"105",0.984212954412214,1,4.81670576505948
"106",-1.32735525630414,0,-9.22168549837025
"107",-1.78845208557323,0,-12.2412520479249
"108",0.129649188718759,1,13.2656487507068
"109",2.58240958407987,1,26.5100040950774
"110",0.79318531928584,1,8.15645545946805
"111",2.86893882206641,1,34.4254514826074
"112",1.52485881536268,1,3.03877081321963
"113",-0.538001983542927,0,5.44395642050211
"114",-0.126894701970741,1,15.3396237250628
"115",-1.68483641627245,1,-3.69528874869647
"116",-2.42807333485689,0,-0.193898718061769
"117",1.43561336351559,1,0.453958557809868
"118",-1.93248670338653,0,-10.0930455910697
"119",-0.0454360826406628,0,10.7333074309367
"120",1.02055574825499,0,-4.47261559062301
"121",2.9551124102436,1,36.0612689399186
"122",0.225764678209089,0,9.67666888443957
"123",0.163922384032048,1,13.6892428308833
"124",-1.54606715822592,1,-3.35812167372693
"125",1.65151519479696,1,4.93053937869613
"126",-0.00357480929233134,1,13.106025734002
"127",0.311433810740709,1,13.4601452676778
"128",-1.35850187693723,0,-13.8577769921417
"129",-1.24238021497149,0,-9.79412911869645
"130",0.776415979722515,1,6.79795574984112
"131",0.661797090549953,0,6.75310550439274
"132",-2.07614590844605,0,-8.86993113731477
"133",-2.30452681228053,0,-4.79657500436311
"134",1.03537520708051,1,1.8067695629178
"135",2.60738359799143,1,27.5927942151723
"136",0.789508322952315,1,9.07984498482586
"137",0.584954114048742,1,8.66633520402112
"138",0.393152481527068,0,8.01579498374111
"139",2.91802373132668,1,37.4731070178149
"140",0.29203002282884,1,12.9244696079187
"141",1.25533443270251,1,2.98816985103567
"142",0.808476697071455,1,7.64283270242486
"143",-1.186222272343,1,-3.10821513991997
"144",-1.08008740330115,0,-4.35324377907516
"145",1.51120292849373,1,3.09797742287707
"146",-0.0108604272827506,1,14.2492826078282
"147",-1.53680277371313,0,-12.6380920102725
"148",1.60684048291296,1,2.01447814557079
"149",-1.92256797780283,1,3.10423108512528
"150",2.25499721965753,1,15.6959911439727
"151",0.88054734421894,0,-2.38200575145637
"152",0.564377463655546,1,10.547108330571
"153",-0.691724745207466,1,7.93976329713907
"154",-0.00777705002110451,1,13.2485688689778
"155",0.252425349433906,0,9.77423170934888
"156",-1.50523501378484,0,-13.0052998922752
"157",0.412968315416947,1,12.9144341314037
"158",-2.08598339860328,0,-7.47270509992443
"159",-0.972342370427214,0,-4.16142035791354
"160",-1.33015264419373,0,-10.7927156885261
"161",-0.933652354637161,0,-4.38635114844471
"162",2.42301756620873,1,23.0162093064245
"163",-0.0457057217136025,1,15.0515752970993
"164",1.78991689381655,1,4.75708307505768
"165",2.34340469178278,1,14.4226472641009
"166",-0.227816847735085,0,7.72467029927479
"167",-2.14905335719232,1,8.13230994021171
"168",-0.65481879573781,0,1.989550783775
"169",1.48049270641059,1,-0.0453682822062389
"170",-0.643115665763617,0,2.18374218950229
"171",0.96727767365519,0,-1.67035252337725
"172",2.12338004703633,1,11.9605438773243
"173",2.20872415590566,1,15.9080990795305
"174",-0.347523954347707,0,10.4402656846186
"175",-0.407283629174344,1,13.064804671187
"176",2.42494984297082,1,23.6381495039398
"177",1.04373669601046,1,3.30963970022336
"178",1.57593256793916,1,3.59807045509696
"179",0.829168955911882,1,5.27288396638499
"180",2.4669488632353,1,22.8602821308086
"181",-0.884484146954492,0,0.982656580166177
"182",-1.44806939561386,0,-10.8916174869398
"183",2.37548018817324,1,19.7766874676864
"184",0.268367171520367,1,13.2641034101924
"185",2.32381648663431,1,19.795766017134
"186",-1.45943507656921,0,-7.78286560360363
"187",1.66956678812858,1,3.89197068413679
"188",1.48474390967749,1,1.39188267060824
"189",2.69048650062177,1,32.822595337402
"190",0.512056228588335,1,10.3228149474251
"191",1.41459127247799,1,3.30536681226338
"192",-0.361021950957365,1,11.5916875009728
"193",-1.94519780599512,0,-10.7754607081123
"194",2.60016148723662,1,28.9373996200062
"195",-0.94222124828957,0,-6.1982625930727
"196",0.748152373475023,0,2.40408071985283
"197",-1.89301667280961,1,1.35641313273273
"198",2.12278867664281,1,12.0327566076308
"199",-0.751199735561386,0,-1.90037580350707
"200",1.80568235344253,1,4.35068432927716
"201",-1.02870485954918,0,-7.55496170405232
"202",-1.29745093313977,1,0.762831585874783
"203",0.342382600181736,0,6.47400522903803
"204",-1.02077174384613,0,-8.2258583078378
"205",-1.50357419962529,0,-10.1186482706263
"206",0.352168756187893,0,10.5098267357845
"207",0.595306146889925,0,5.3098906028456
"208",-1.78963730041869,1,-0.646449165502693
"209",-1.08997817791533,0,-5.2691902866793
"210",1.4486440179171,1,3.76512584369246
"211",2.78775465034414,1,29.9376980738533
"212",-1.94922534388024,0,-7.2370623713596
"213",1.69772479229141,1,3.92563375613625
"214",2.71381495066453,1,29.8492835851206
"215",2.00249078613706,1,11.4227364893952
"216",-0.804392181104049,1,6.11737682424863
"217",1.07268703274895,0,-0.908844559772178
"218",2.74345498112962,1,30.7252704677852
"219",2.74552957515698,1,32.3817523676018
"220",-0.630114381201565,0,3.55440785705052
"221",-1.0563923943555,0,-6.51879287506136
"222",-1.59000336751342,0,-8.74177821375201
"223",-0.728075688588433,0,1.29441645510932
"224",0.305688636028208,0,9.56508885392449
"225",2.5818265924463,1,27.3588897517005
"226",0.310278340941295,1,14.378113379249
"227",-1.0830830654595,0,-7.29143140941258
"228",-2.24446512176655,0,-4.66250223027258
"229",-0.20179057912901,1,17.8850249612825
"230",2.19700826250482,1,14.710101130933
"231",-0.59023127250839,0,3.47521637138769
"232",-1.77706723706797,0,-9.72515202989548
"233",-0.440322245005518,0,7.30828053613167
"234",0.972811256186105,1,3.88338087145493
"235",-0.354565864778124,0,6.43334256700683
"236",1.29295316839125,0,-4.2842540370588
"237",1.29177376860753,1,1.9703681276418
"238",0.551953427377157,1,11.6617146556198
"239",-0.137065757182427,0,9.98402084963719
"240",-0.0100396545603871,1,12.5049608747266
"241",-0.814562076120637,0,-0.701148795570534
"242",0.680946692009456,1,12.608530070041
"243",2.50703667337075,1,22.1096524771919
"244",-1.71567754831631,0,-12.6338435457372
"245",-0.217238060780801,1,11.8353538988542
"246",-1.33990837133024,1,-2.91947781380536
"247",-0.141872960259207,1,16.4997627224715
"248",-1.77020513638854,1,-0.833239046810077
"249",0.0305304522626102,0,10.6438018481823
"250",2.68626382586081,1,27.6607457212217
"251",1.69085623882711,1,3.63907877066148
"252",2.63100405863952,1,29.5674853921634
"253",0.0887317366432399,0,14.3663676986458
"254",0.819734372314997,0,3.51546141970752
"255",0.167443243204616,1,13.4466805588366
"256",-1.90156525920611,0,-10.4975270104225
"257",-1.13750241859816,0,-6.26937848496254
"258",0.241829918930307,1,14.3176356659996
"259",-0.44923310552258,1,11.3708735052428
"260",2.64080253627617,1,26.3301508028428
"261",0.381923428270966,1,12.4466260729517
"262",-0.75570430571679,1,4.21254328946953
"263",-0.971186837879941,0,-5.48047301447555
"264",1.83147279254626,1,4.70598205663162
"265",1.36354381893761,1,0.988475555855186
"266",-1.59234798734542,0,-11.3877357774313
"267",-2.14548353676219,0,-5.35863560431614
"268",1.6508809189545,0,-7.15945293309784
"269",0.912255181698129,1,4.23728066834862
"270",-1.56732778332662,0,-8.92649969485975
"271",-2.15782271232456,0,-4.61010344863793
"272",-1.90033902262803,0,-8.71076637267337
"273",-0.400560065521859,1,14.2290400394642
"274",-1.56878996978048,1,-3.89751342473569
"275",-0.857411018689163,1,6.82213419332104
"276",-1.44284755724948,0,-8.99896240804235
"277",-1.08556488284376,0,-5.81698921624433
"278",-1.50322497449815,1,-1.70778848254068
"279",0.125225403229706,0,10.9678581880929
"280",1.73905373585876,0,-5.9967700910361
"281",-2.34717082674615,0,-5.06557005243527
"282",0.400209273444489,1,13.998597615704
"283",2.34175487898756,1,22.40499715897
"284",-0.44815145409666,1,14.1091291549177
"285",-2.23622477590106,0,-4.476083579892
"286",-1.73754464299418,0,-11.2171686791474
"287",-0.731793337850831,0,1.24534566264991
"288",-1.64842613774817,0,-9.63346110934825
"289",-1.77274505316745,0,-8.63853197329954
"290",-1.28281739749946,0,-8.69901987442315
"291",-1.25490562105551,0,-7.28070750401248
"292",-1.77720906387549,1,-0.549392279698031
"293",2.89859903173055,1,35.7403771139621
"294",-0.701424502534792,0,3.39791232290038
"295",0.288167233928107,1,19.4423502541242
"296",1.24793383118231,1,1.91893761359801
"297",-1.9545699324226,0,-10.1302356843709
"298",-1.84603592974599,0,-9.62308145227447
"299",-2.22258187271655,0,-5.58317243359784
"300",2.61089655861724,1,28.3794024738835
"301",1.20541728066746,1,2.77937376515953
"302",-1.97828179493081,0,-6.85206738369713
"303",0.20927866443526,1,13.0986109312943
"304",0.0385351235745475,0,9.21975545102598
"305",-0.43630908022169,1,13.5058592306762
"306",2.95104570745025,1,36.4644221257794
"307",-1.53007107460871,0,-12.6455700092091
"308",1.97389364684932,1,7.22019803844613
"309",-2.12354349577799,0,-7.50077972322792
"310",-0.297526392852888,0,9.72059162078271
"311",-1.72370620851871,0,-11.912477056149
"312",-1.43679575680289,0,-8.78544568426106
"313",2.12743444228545,1,13.1916270207982
"314",1.45952693605796,1,1.99014666660513
"315",-1.03033354296349,0,-5.27389841515016
"316",0.22250904655084,0,9.91342634690055
"317",-2.04287356196437,0,-8.18010875108393
"318",-0.553636676631868,0,6.37528400169423
"319",2.83064842945896,1,31.3907652051054
"320",0.935928043210879,1,6.82064315618942
"321",1.15540037362371,1,2.13406255225871
"322",-0.781306889257394,0,1.01194910265253
"323",-0.268707129987888,1,13.2440769682883
"324",2.97842554340605,1,34.6631949417407
"325",2.20295296004042,1,15.5137162622844
"326",2.74451617803425,1,30.2327973207369
"327",1.96767800790258,1,10.3699488186013
"328",1.8020016370574,1,4.0060256630474
"329",-1.02667029097211,0,-7.86201984177995
"330",1.69183341250755,1,2.27290720854888
"331",2.92471374024171,1,34.7108655242214
"332",-0.885169480345212,1,2.01818917130107
"333",-0.303568911738694,0,8.40111355235593
"334",1.96672338119242,1,7.76782670042636
"335",-2.07566581945866,0,-8.05042940923664
"336",-0.49966754578054,0,6.15110271445343
"337",-0.0657414305023849,1,13.0782475501734
"338",-1.63807227113284,1,-0.859895809823569
"339",0.702128986013122,0,3.70705569912765
"340",2.83589198370464,1,33.4695073192671
"341",2.94224908389151,1,32.8883913600309
"342",-1.52951379935257,0,-11.7120487353977
"343",0.481717334245332,0,6.59613641719858
"344",-0.386328593827784,0,8.85203398652992
"345",1.21890227950644,1,4.26206623992373
"346",-1.01888421142939,0,-3.18330329726979
"347",0.0808801829116419,1,13.333850244531
"348",-1.55509954725858,0,-12.5218027868302
"349",-0.469457956845872,1,10.5089462051755
"350",1.48972899909131,1,0.214843699434357
"351",0.173820073716342,1,12.3164815029629
"352",-2.14908643299714,0,-5.06132825114754
"353",1.81500426493585,1,5.58244934450143
"354",-0.199231003061868,0,10.8393357694226
"355",2.89559946639929,1,33.1217529031338
"356",-0.944138242746703,0,-4.04862603566771
"357",2.16335182229523,1,12.0863948294597
"358",-2.04768423025962,0,-9.10172500105416
"359",2.37552312819753,1,20.5797995060825
"360",0.0956190197030082,0,9.73863583056622
"361",-1.89994470099919,1,-0.0308593630768996
"362",-0.666971085127443,1,5.27644932119252
"363",2.10579113080166,1,10.0747331634828
"364",-0.977325870655477,0,-5.50524161524901
"365",0.728693277807906,1,10.8423946982343
"366",2.1020274835173,1,11.1394055196258
"367",-2.1086528680753,0,-8.58378126001443
"368",1.36528308840934,1,-0.499449479028504
"369",1.34353495470714,1,1.4148026327226
"370",0.051793095539324,0,10.4330767355265
"371",-0.0968788925092667,0,11.0456617633982
"372",0.591972332680598,1,9.93750741625348
"373",2.60665774485096,1,28.6032014450008
"374",-1.23243472166359,0,-7.56480503116259
"375",-1.28002435073722,1,-0.415162752634609
"376",-0.188812586828135,1,14.4487634733195
"377",-0.66563556867186,1,8.93164604199231
"378",2.25644152681343,1,16.4710391285423
"379",-1.52543005347252,0,-9.84762375490204
"380",0.213253007503226,0,10.1870742907438
"381",-0.136576482676901,1,13.4394283977173
"382",0.603451136499643,1,8.36249147353783
"383",1.10889273532666,1,2.03138808766398
"384",2.88204734527972,1,33.495152175233
"385",-1.22311368351802,0,-7.64875149970356
"386",-1.17553622112609,0,-7.87621039364196
"387",1.8825984619325,1,5.84895620031742
"388",2.0741944325855,1,10.0226420668151
"389",-1.87570761458483,0,-7.7420290648098
"390",2.79821608983912,1,32.2353137778268
"391",-1.68972405185923,0,-13.1262462698001
"392",-1.71005181479268,0,-11.8247504560766
"393",2.58876464364585,1,26.9119829442587
"394",0.288695814204402,0,11.0614978832153
"395",-1.64831940620206,0,-11.479921863675
"396",-0.584338713320903,0,4.20496251790352
"397",1.12901564186905,1,1.33969995578755
"398",-0.785251940600574,1,6.25292198571026
"399",-0.566346248961054,0,4.54256705467505
"400",-1.68684861203656,0,-10.1566777313049
"401",1.12382684985641,1,5.26857283386458
"402",-1.48211519524921,0,-10.7979163604095
"403",2.74907975294627,1,30.8883790373964
"404",2.43816670612432,1,21.0277257439519
"405",2.69033379922621,1,28.8430443530951
"406",1.48029913182836,1,0.394084165184353
"407",-0.463036137400195,0,6.8700912922322
"408",1.79559647140559,1,2.93399263011699
"409",-2.43867770244833,0,-3.63386740708238
"410",2.67169791704509,1,28.1819939362885
"411",2.96562074415851,1,38.0517064959651
"412",-0.534268401446752,0,5.19691717848149
"413",1.61199284915347,1,1.90758094427887
"414",1.86099963099696,1,7.36012347914262
"415",1.38222453510389,1,1.07000436364071
"416",0.117037713062018,0,10.730378030002
"417",0.220599893014878,0,10.4827800115646
"418",-0.805711531662382,0,1.0184390063434
"419",1.32256735442206,0,-3.87004791016545
"420",2.02536318090279,1,12.0217091445129
"421",-0.109052975894883,1,16.0918801770494
"422",0.33102959045209,0,9.87802945085948
"423",1.14656032214407,0,-1.07200918478038
"424",-1.71258377411868,0,-8.10514068470207
"425",-0.605319334426895,0,5.60910336191708
"426",-0.268300297204405,0,8.86256137803033
"427",-2.03078946797177,0,-9.66456605296503
"428",2.6291456053732,1,28.2498503226646
"429",2.11111236689612,1,11.5396970039697
"430",2.33688312885351,1,19.4537253334318
"431",2.64641857205424,1,27.634907807078
"432",-2.1014665159164,1,7.18498953335281
"433",-0.416823077248409,0,10.3807560547089
"434",0.458257075282745,1,13.6392750699739
"435",-1.92222423735075,1,2.98929039171535
"436",1.9092823805986,1,7.41594614592985
"437",1.56802960194182,1,5.54088169233406
"438",-2.21318042639177,1,8.53574718311739
"439",0.151932652574033,0,12.8342123176987
"440",2.56284812360536,1,28.3600312672546
"441",-2.27159364102408,0,-3.85078000675335
"442",-0.883045105496421,0,-7.14494617758081
"443",0.254677679971792,1,13.7474324792661
"444",0.853619143017568,1,7.0632046364753
"445",-1.0466302272398,1,-1.32540175623606
"446",-0.172957647475414,0,8.21145845790629
"447",-0.4839001102373,0,7.30484671864475
"448",2.68377927318215,1,25.3300061264818
"449",-1.81952039175667,0,-10.1669710788863
"450",-2.11482026416343,0,-7.21793721778667
"451",2.80374370876234,1,31.7424620662014
"452",-0.0661944047315046,0,10.9082210186522
"453",-0.463501908350736,0,6.38879335169536
"454",-1.56366030930076,0,-10.97395804117
"455",-2.20195263833739,0,-5.1530183001419
"456",1.11805438110605,1,2.20123808766089
"457",0.679890541825444,0,4.50208701406297
"458",2.92905970173888,1,37.7440499023433
"459",0.820858208229765,1,7.87105283815325
"460",-2.14277544675861,0,-4.10853551807239
"461",-1.60840004973579,0,-11.7966532077364
"462",0.114688562578522,1,15.8110356175185
"463",-2.489369408926,0,0.65310114767074
"464",-0.0719747131224722,0,9.67373800472907
"465",-1.06488644517958,0,-7.12583412728232
"466",2.66127560019959,1,31.692118721084
"467",1.43708306050394,1,0.400619181538509
"468",-1.60302986903116,1,-0.818293412083251
"469",0.119034101488069,0,10.4972461791856
"470",1.29641197633464,1,0.125688117267923
"471",0.0349234874593094,1,12.729115132366
"472",2.75330706080422,1,29.6151030327888
"473",1.41897067346144,1,-1.31213723818148
"474",-0.315686367102899,0,7.27259048571473
"475",-1.85253663349431,0,-8.77270726089906
"476",-1.17936049820855,0,-8.72940804264054
"477",2.24996811582241,1,18.9962349455377
"478",-0.102129790815525,0,10.3799067465485
"479",0.238274285919033,0,8.83625697296967
"480",1.30560219672043,1,1.31459972718336
"481",1.68172304984182,1,2.54052929011798
"482",-1.64529327547643,0,-12.023046327976
"483",2.17201401176862,1,14.1824373908515
"484",2.70749800466001,1,30.3077819352489
"485",0.736305547063239,0,4.22233012801933
"486",0.262379484018311,1,14.9951969480524
"487",-1.45621045259759,0,-9.75789304675504
"488",-2.48989727976732,0,0.105712722350112
"489",2.32667934230994,1,17.5166343961712
"490",-1.7623876419384,1,-0.0323302489971043
"491",-2.37492326716892,0,-1.56893476234128
"492",2.66525188332889,1,28.3945898954967
"493",-0.888782024383545,1,2.6115860353387
"494",-1.59620384068694,0,-9.73861608194849
"495",-0.304935942986049,0,10.7505301848658
"496",0.0276647665305063,0,11.1978025882287
"497",-0.112830332946032,1,14.0142838939952
"498",0.343554045073688,0,11.7247037880285
"499",2.15435163956136,0,-1.56212340669589
"500",-2.19659642479382,0,-6.80081742278007
"501",0.547973836539313,1,12.2696151216439
"502",1.28551380662248,0,-6.87565805173998
"503",1.11931654531509,1,4.33219625681546
"504",1.14838498889003,1,1.30999998780449
"505",0.0972881140187383,1,15.7845872092624
"506",2.83240491361357,1,33.168893818337
"507",-0.287916154949926,1,14.4589623118033
"508",2.17253657081164,1,16.1013313133106
"509",1.66154699074104,1,3.02286008305817
"510",0.429306706530042,1,13.4700420247409
"511",2.3078231344698,1,15.4482525778276
"512",0.0691331358393654,0,10.6142063686866
"513",-2.45529349544086,1,13.5278086341222
"514",1.50271852547303,1,2.16966823377009
"515",1.44124213326722,1,1.62904171329455
"516",-1.46915495931171,0,-11.350624893583
"517",1.0533700225642,0,-2.80894958303137
"518",0.480886039091274,1,13.3314305753405
"519",-0.655735821113922,0,2.34965284191257
"520",1.0084979776293,1,7.01284638784346
"521",2.06060585111845,1,8.15346183805293
"522",1.39936359145213,0,-5.77995704906665
"523",-0.582973070209846,1,11.9158686340587
"524",-1.79419668787159,1,-1.97497567624819
"525",-0.365568311186507,0,6.70142297666186
"526",2.60497651586775,1,26.6557796174632
"527",1.92414924222976,1,7.82346045744678
"528",1.67283243895508,1,2.95545000706525
"529",2.76487438904587,1,31.0368496278005
"530",2.96652633277699,1,39.333129596922
"531",0.835425470606424,0,1.43734284743099
"532",-2.33842558984179,0,-1.22486572850073
"533",-0.64955053164158,1,3.0947687582625
"534",-0.972880522953346,0,-2.42898420520926
"535",-1.85541347425897,1,2.64685902992051
"536",-2.26229957549367,0,-4.98424170861297
"537",-0.463296178611927,0,5.97338864082073
"538",-0.647169301635586,0,5.26038999183371
"539",-1.5449109559413,0,-11.2421405798201
"540",0.919753037276678,1,6.97390604886322
"541",-0.311860048794188,0,9.53078755154038
"542",2.75621672766283,1,31.2642077872707
"543",1.09342193708289,1,2.81500970385965
"544",-0.691909558139741,1,4.64866133703039
"545",-1.41569307574537,1,-5.84534842532564
"546",-1.8656172134215,0,-10.1435752692798
"547",2.97781013289932,1,37.0743637005959
"548",-0.413978011230938,0,6.38840552866554
"549",0.590934509993531,1,11.3229805700019
"550",1.52994909707922,1,2.72161130599135
"551",2.28943054110277,1,17.0748270438975
"552",0.646936428151093,1,9.6158367652226
"553",-2.43930160952732,1,16.838826625716
"554",2.48473393695895,1,24.0894079985909
"555",1.73859497345984,1,5.41353848373795
"556",-0.39622457139194,1,12.4697738078462
"557",-1.98274761124048,0,-6.17940655625927
"558",-2.22690528852399,1,9.17444092830487
"559",2.01639274961781,1,8.38666642990108
"560",2.06128367397469,1,10.3369164546735
"561",1.1010308166733,1,3.53090929590418
"562",-1.76944702828769,0,-11.2793516599493
"563",-0.620045543531887,1,7.83161487636499
"564",1.52254368446302,1,2.96392774943306
"565",2.49010278843343,1,22.619316621847
"566",1.3290834967047,0,-8.73934467985032
"567",-1.17131427756976,0,-4.70246706375821
"568",1.04258975735866,0,-1.70327907479651
"569",-0.95587382488884,1,3.62499399630915
"570",2.76700086402707,1,31.3173678888534
"571",-1.62882223795168,0,-11.2355423479502
"572",-0.199135545641184,1,10.7681538452465
"573",-1.11394611443393,0,-6.24213011461533
"574",-1.9808535274351,1,3.75670273210201
"575",2.05244773312006,1,9.4356094759678
"576",0.389180270605721,0,7.91040132976816
"577",1.17261195112951,1,4.53125049181879
"578",-0.254472321132198,0,10.0550348348503
"579",2.13424446864519,1,12.6370601026276
"580",1.55518007371575,1,2.72847275767356
"581",-0.584765794454142,0,2.00861983548019
"582",2.71915997588076,1,32.262624918394
"583",1.05673554493114,0,-5.44228437265091
"584",-2.30597228219267,1,9.66671566781761
"585",0.780466506374069,1,8.50261850641504
"586",-0.215750991599634,1,15.5813390264459
"587",-2.07706629019231,0,-10.0118204838099
"588",0.404268835787661,1,13.7408015325774
"589",2.79283319693059,1,32.9659417129158
"590",1.39807028125506,1,1.54416032354843
"591",0.544116369681433,1,10.1095677192001
"592",-1.16373865050264,1,-2.18610855264671
"593",1.7792339095613,1,5.08427759526223
"594",1.08567518892232,1,5.14445640812969
"595",2.06635137158446,1,8.92866162456506
"596",1.06703021086287,1,1.96260222935061
"597",0.139096868690103,1,17.3196827677086
"598",0.222852580831386,1,12.6456731311461
"599",-0.410700746928342,1,7.59402487205962
"600",-0.022330095525831,0,10.9827287500706
"601",1.97838462761138,1,9.45448079967879
"602",2.60827474179678,1,27.3684117637282
"603",-1.68885425128974,0,-12.5659957600026
"604",1.62401915749069,0,-5.99317091635798
"605",2.86611542326864,1,33.9825792367179
"606",2.86135854909662,1,35.5189963185448
"607",-0.571559364092536,0,4.74166452517828
"608",-0.333280186634511,0,9.39968969875897
"609",2.73023054981604,1,31.2941402472268
"610",-1.91343424201477,0,-9.00051990052208
"611",2.64118064078502,1,29.4492919882083
"612",-0.596108450787142,1,5.08180619366464
"613",0.431833332288079,1,13.2940107854759
"614",0.463368646451272,0,5.67866104896754
"615",1.43094872357324,1,2.17499512175507
"616",-0.268152249394916,1,15.3097398353825
"617",-1.65966522297822,0,-12.0044184714319
"618",-0.628719812608324,0,1.92720969293095
"619",0.946601661387831,1,4.91410462415291
"620",-2.1844502693275,1,10.2773689526312
"621",2.18417201889679,1,14.5960815962821
"622",-1.33045059791766,0,-9.63928667910391
"623",0.467041153111495,0,6.82647524536915
"624",-1.74931827594992,0,-11.7848317091807
"625",-0.713241727324203,1,6.17588237881073
"626",0.915919615654275,0,-2.59112034192142
"627",-1.09209763281979,0,-4.54349099188712
"628",0.991816893569194,0,-2.02755707034982
"629",0.17119658831507,1,11.7334463965526
"630",2.65997304173652,1,28.8233194952063
"631",2.21625845390372,0,1.20061032751248
"632",-0.460140542709269,0,3.67777009454656
"633",-0.7718899352476,1,8.37846220741875
"634",2.05693897895981,1,9.23744856011766
"635",-0.0148716776166111,0,8.9429451565347
"636",-0.762668732786551,0,0.987382427255743
"637",-1.96205304353498,0,-7.48467491095082
"638",-2.14304704894312,0,-6.64340035459681
"639",1.2920155156171,1,2.13211880353788
"640",1.17427832167596,1,0.849122657418324
"641",2.47500656289048,1,24.7506828690596
"642",-0.840687012532726,1,4.5181995640962
"643",2.63044787570834,1,28.1498287606498
"644",-1.38909340440296,0,-9.30838305061729
"645",1.85808315791655,1,7.79627128802281
"646",-1.26453220157418,0,-10.1775417395341
"647",-2.33083885896485,0,-2.2818107295893
"648",2.24118722660933,1,14.6435290657164
"649",1.26809127849992,1,5.23989866061288
"650",2.68141200265381,1,30.1424902068507
"651",1.21719568246044,1,2.13336903582401
"652",2.13716081622988,1,12.3630888685439
"653",-0.509581982740201,0,5.14555870897007
"654",-0.341987631400116,0,6.58587415117506
"655",0.622280686744489,0,5.23341520181774
"656",-1.97666326514445,0,-7.97212172305372
"657",-1.43418760620989,0,-11.550396845625
"658",0.734365161741152,1,6.98019278150902
"659",1.63327292480972,1,0.419055408624772
"660",2.26981332979631,1,17.8431416443718
"661",-0.455123445484787,0,6.9534978862456
"662",1.8934800226707,1,6.70498101075265
"663",-2.17927084083203,1,6.93779655612737
"664",0.928896401659586,1,5.67585502945219
"665",-0.538472263375297,1,7.44959027544194
"666",0.733603628119454,0,0.925313279873682
"667",2.52581553102937,1,22.708121634725
"668",-1.40306799404789,0,-11.0891353642759
"669",-0.470040068728849,0,7.37823791884511
"670",1.19274580269121,1,3.43122491289155
"671",1.72479502903298,1,3.15987236271701
"672",0.372365518240258,0,11.0382719872517
"673",2.05441259907093,0,-3.3128182523618
"674",0.399029070744291,1,12.1587492595567
"675",0.259651537518948,0,8.97155146648508
"676",-0.190146740758792,1,14.3114969482581
"677",-0.507359442068264,0,2.89075852963034
"678",-1.82114099350292,1,1.90612515308591
"679",-0.860111587913707,0,0.0316660910673439
"680",-0.978279306436889,0,-2.76360010093235
"681",1.73623945598956,0,-5.97617629385293
"682",1.77999716170598,1,6.60377557224935
"683",-1.70916995638981,0,-10.4530530883355
"684",0.335393828223459,0,10.7746867282555
"685",0.784822670160793,0,2.45543242421615
"686",0.282136632013135,0,10.3113561024789
"687",-0.376452018157579,0,4.56237377201451
"688",-0.15646044537425,1,13.5215818650485
"689",-2.43532145908102,0,0.443998232169869
"690",2.5563247371465,0,8.88297416664708
"691",-2.06308168778196,0,-9.45489127794247
"692",0.290558401145972,0,8.35677335269125
"693",2.01094389334321,1,8.90127383844653
"694",0.791174799785949,1,10.5059610371711
"695",-0.167155606555752,1,13.9821289772434
"696",0.576206488884054,1,9.62407220388036
"697",1.84001959639136,1,2.80743460489385
"698",-1.57756608119234,0,-14.218238800847
"699",2.8374845153885,1,35.3989244435644
"700",0.104267040966079,1,13.6846676199971
"701",2.61358763242606,1,29.9373548249843
"702",2.45516598713584,1,22.2113039161639
"703",1.62985203322023,1,-0.662330461950833
"704",1.22112824826036,1,5.45080098826852
"705",1.06407395179849,1,1.94749323743495
"706",-2.09714221651666,0,-7.8575981366706
"707",-0.170428698766045,0,10.312919267398
"708",0.419534002896398,0,8.1306185067482
"709",2.68487619282678,1,27.2767515258585
"710",1.41723507666029,1,-0.654988775822228
"711",1.4846981652081,1,3.87700381424168
"712",0.0857073974329978,1,13.9340639187343
"713",-1.83844759303611,0,-9.11690732422296
"714",1.80703718983568,1,7.89854031071841
"715",-0.0901343160076067,0,9.53400433283096
"716",-0.126992110977881,1,13.4606074407512
"717",-2.3487616655184,0,-5.66114728238489
"718",-1.6939098641742,0,-8.3894395961929
"719",-0.175726631074212,0,8.99083365612672
"720",1.71925445843954,1,3.36118728538967
"721",-2.47378455044236,0,-2.42642751285406
"722",0.819776303251274,1,7.99964687717774
"723",2.48067493294366,1,25.9089427885394
"724",1.38663842563983,0,-5.90831174029839
"725",-1.05604562407825,0,-6.33730420278551
"726",2.18091920705047,1,11.8456759624468
"727",-0.665169667103328,0,4.61976210375512
"728",0.680563471629284,0,5.13944171060666
"729",-0.119747783639468,1,14.5021687354165
"730",-2.21622572338674,0,-3.28077744968562
"731",1.51391808339395,0,-4.71671748198722
"732",0.514937278581783,1,10.758665017839
"733",1.63172092055902,1,1.00809140220547
"734",-2.22075859410688,0,-3.56195319143768
"735",1.43231416819617,1,2.6724364783202
"736",-0.86268048780039,1,2.90282524072199
"737",-0.940875346423127,0,1.25997038375861
"738",2.06432420085184,1,7.28420527220099
"739",-2.02482543641236,0,-8.20222162819665
"740",-2.26538584555965,0,-2.49611279126576
"741",-0.581925551057793,1,10.9859648137375
"742",0.48284805577714,0,8.87648460359464
"743",0.852034749346785,1,6.62371404289749
"744",-1.00745345838368,0,-3.62436624334493
"745",-1.37122987408657,0,-9.43445608401449
"746",-0.401023184414953,0,7.30974639835838
"747",0.0990696345688775,1,13.6569671099589
"748",2.0953487243969,1,13.7648871479004
"749",-1.831906770356,0,-10.9418701309145
"750",1.21694468718488,1,1.74716655114509
"751",0.231768709607422,0,10.6721244180017
"752",2.46230761287734,1,22.942993141545
"753",0.53195181756746,1,8.25482733740769
"754",-1.79289427923504,0,-11.3583965310411
"755",-0.0689461787696928,1,15.7296207595634
"756",-1.44236266997177,0,-8.98922871786118
"757",-0.10804657835979,1,12.7224924299985
"758",-1.26176628365647,0,-10.0185237469136
"759",2.78602955164388,1,28.6144892718283
"760",-0.0336489422479644,1,16.4239775000765
"761",1.77429741900414,1,4.78226251080455
"762",-1.62979124032427,0,-10.1886224353708
"763",2.26744720409624,1,16.0733765000944
"764",-1.36619916826021,0,-9.90297622684598
"765",-1.52127674326766,0,-9.76728741079999
"766",-1.59309869504068,0,-11.7309434331674
"767",0.608979375218041,1,11.3837913046643
"768",1.49949561618268,1,2.82867760988712
"769",2.31755443988368,1,16.0605617703836
"770",1.3963341107592,1,2.06072397019049
"771",0.126047660131007,0,7.14401725158264
"772",2.01153996470384,1,9.33219595892268
"773",-2.40863284072839,0,-2.39475441843575
"774",2.97861105680931,1,37.9996546569757
"775",0.991921596694738,0,-1.08591024566023
"776",-0.143385405186564,0,9.48071153939182
"777",-2.34383886936121,0,-2.99865097671436
"778",1.64332985319197,1,3.24737623272131
"779",-1.35251313552726,0,-11.610406126231
"780",2.99700472841505,1,36.0246088446167
"781",2.48987056245096,1,21.9114620431839
"782",1.41855767474044,1,-0.690117682164754
"783",1.52013086155057,1,1.1662778179757
"784",0.0986835662042722,1,14.9455736673431
"785",2.2438087783521,1,13.8540126638489
"786",-1.59021682676394,0,-10.6760055607343
"787",0.912353590829298,1,4.5196519050775
"788",-0.892177327652462,0,-1.99102973272131
"789",0.00877953588496894,0,11.2254542446819
"790",-2.24898435059004,1,9.05352242191956
"791",-1.52286036347505,0,-14.1557581678608
"792",-2.18137362657581,0,-8.09419474891505
"793",2.69425628439058,1,26.0061726407075
"794",-0.614910891395994,0,5.46476143260298
"795",0.348728138720617,0,8.64687742422665
"796",0.938849344034679,1,8.05467424151667
"797",-1.19504330481868,0,-10.2830052688552
"798",0.338681529159658,1,15.7525722521085
"799",1.93598005257081,1,9.56489396322053
"800",-0.584543960285373,0,2.89686465342346
"801",2.22278099134564,1,16.6500899563862
"802",-2.31058681348804,0,-2.50469244708099
"803",2.84048430225812,1,33.4181621795573
"804",1.59810574923176,1,4.78042764476235
"805",-0.997096170089208,0,-5.02353280031637
"806",1.22408355842344,1,5.18388442615655
"807",-0.586288925725967,0,2.20472464098238
"808",2.70861286891159,1,32.1836584229562
"809",-0.637569237849675,1,6.98431614521655
"810",-2.32557737804018,0,-2.56895144196605
"811",-0.555278113228269,0,4.50120346538283
"812",-0.37082026724238,0,7.61766686885279
"813",-0.536790619487874,1,9.40878325504788
"814",2.77982733305544,1,33.4960343756536
"815",-0.38943987339735,1,11.8833353442872
"816",0.504856915795244,1,13.626472618892
"817",2.5892791171791,1,26.9575696276673
"818",2.54272739915177,0,8.7202716573973
"819",-1.16496853926219,0,-7.71065718372659
"820",1.44399961351883,1,1.01896073660159
"821",-0.580796802882105,0,4.41945212611457
"822",0.548558428883553,0,7.87385912185093
"823",1.58634827192873,1,3.63814779024934
"824",2.00834075233433,1,11.1640980735757
"825",2.28311495762318,1,19.9926243203045
"826",-2.30274176120292,0,-2.98556900221144
"827",-1.28986578120384,0,-9.16385975326791
"828",-0.481647346867248,0,8.3148908925836
"829",-0.818669568863697,1,4.35139380778692
"830",1.50306751625612,1,0.35230069311005
"831",1.34850821422879,1,0.292437827800119
"832",2.505335097434,1,23.2684161395146
"833",2.15081435325556,1,11.3344872942777
"834",1.78199552092701,1,7.03020241239014
"835",-0.295361144817434,1,12.1459922824014
"836",0.672425623750314,1,10.8316837724895
"837",-2.08002304611728,0,-3.79074384580634
"838",2.30136167886667,1,17.3451845479638
"839",2.75957154575735,1,32.1454436640447
"840",0.280420939088799,1,13.1830398616725
"841",2.58401500084437,1,31.0095130404956
"842",-1.76017556991428,1,-2.35344369154613
"843",-1.18694648251403,1,0.609900208218962
"844",0.194794421317056,0,11.8472487811651
"845",0.107330532278866,0,12.3282317540588
"846",-0.107532125315629,0,12.1453504982589
"847",-2.28413071949035,0,-2.94302421401816
"848",1.04382058349438,1,4.71574320886333
"849",1.43561960116494,1,0.299333518839655
"850",-0.565833032946102,0,5.08082792175883
"851",2.70606211852282,1,29.5827208737526
"852",1.58708578976803,1,6.68389547307964
"853",-2.22067743807565,0,-3.90970531183741
"854",2.89200629480183,1,36.1059774715166
"855",-1.30197651102208,0,-12.8716413557665
"856",-2.30092198878992,1,9.04270540702075
"857",-1.06612874008715,1,-1.11515917762952
"858",1.46228682249784,0,-7.45262010367493
"859",-1.13658200355712,0,-8.0171600445256
"860",-1.20796314650215,0,-7.32705696962928
"861",-2.38443486415781,0,-2.36810572672621
"862",-1.04458654741757,0,-5.96945497993119
"863",1.30490890715737,1,3.52819699541064
"864",-2.30931834888179,0,-6.56353936743653
"865",-2.15467628755141,0,-6.26407001040421
"866",-0.312616494717076,0,9.93444732196211
"867",0.195156336878426,1,16.2288690862153
"868",0.970768111641519,1,4.40910308881606
"869",1.47872371750418,1,1.1099812370063
"870",-2.07778814155608,0,-7.67484834730495
"871",-0.182046556961723,1,13.4910649462335
"872",2.8554967722157,1,33.3612164601028
"873",1.97593180870172,1,6.8487597034124
"874",-1.2692775237374,1,-2.21284432868368
"875",0.193582682055421,1,14.9763271203405
"876",-2.43762893858366,0,-1.87075484623624
"877",-1.07768736686558,0,-7.80499742303885
"878",0.000293245306238532,1,12.5544851812985
"879",1.57537178520579,1,1.74533307233419
"880",2.94863006472588,1,38.6602374105093
"881",-0.672872796538286,0,1.3844985226938
"882",2.69635273003951,1,28.9205647005207
"883",2.79019380942918,1,36.55810316433
"884",2.44602624804247,1,19.4862295231093
"885",0.209937093080953,0,10.6600998340909
"886",1.81714512838516,1,6.51589784755892
"887",1.91715475893579,1,6.81361778336663
"888",1.22772193024866,1,3.89480228752166
"889",0.69702668231912,1,9.9836304857276
"890",-0.681325519573875,0,2.12444412069515
"891",-2.49276938883122,0,-1.79251579147049
"892",-2.13808919722214,0,-5.94718792632377
"893",-2.02726445463486,1,3.5832818999743
"894",-2.4278965574922,0,-2.54163895092385
"895",-0.653399066533893,1,7.71010234986909
"896",-1.84404625918251,0,-9.44051190265261
"897",0.764774949639104,1,7.61052096546927
"898",-2.29478028346784,0,-2.39421695223316
"899",-2.44735514477361,0,-4.62445400380628
"900",-1.61122130742297,0,-10.276450508122
"901",2.07544443523511,1,10.5470486767375
"902",1.71763514878694,1,4.33494458387322
"903",-0.999708259711042,0,-2.93429468924183
"904",-1.46510185615625,1,-2.47267216199797
"905",-1.25830990879331,0,-8.86386507785663
"906",-2.15916297840886,0,-10.023415383002
"907",-2.17054867465049,0,-7.70984778982321
"908",-1.68514271290042,1,-0.464209090916724
"909",-2.09856662747916,0,-9.1993232164511
"910",-2.26412759476807,0,-4.39571574740568
"911",0.373536997707561,1,13.6322154028284
"912",1.84077319176868,1,5.42970777184972
"913",1.32114341470879,0,-7.07430017262094
"914",-2.13383173965849,0,-8.69460820646846
"915",-2.40123239415698,0,-1.30593032137451
"916",-0.0681286714971066,0,7.94408329473842
"917",-1.63318854256067,0,-12.7598749143555
"918",1.45373063720763,0,-6.71392325052006
"919",1.3716800789116,1,0.155202423150204
"920",2.36874467681628,1,19.7816486940501
"921",-0.711064416333102,0,2.70488402719395
"922",2.8398486165097,0,13.520531920209
"923",2.91651146439835,1,35.5965037391066
"924",-2.28448405268136,0,-1.45769393927359
"925",2.41464208450634,1,21.2822961632263
"926",2.02319533203263,1,10.4711713417679
"927",1.48334581055678,0,-9.59828377960155
"928",-0.910939242108725,1,2.85479877006692
"929",0.260717325261794,1,13.0580700807837
"930",-0.144091492751613,1,12.5769863784115
"931",0.855088088312186,1,7.85924333649701
"932",2.59362245735247,1,26.883979713036
"933",-1.17932208243292,1,0.342231639626521
"934",-1.00464991352055,0,-6.11556197439701
"935",1.54252005554736,1,-1.51480032453637
"936",1.63350230152719,0,-6.22680170993873
"937",2.61825556471013,1,29.0572530092051
"938",0.0450165112270042,1,18.8479826743403
"939",2.23380147200078,1,17.2377391893961
"940",-0.78379969263915,0,1.44692497147926
"941",-1.35578542610165,0,-11.0468665836276
"942",2.56455106975045,1,26.5775240836852
"943",-2.20994713681284,0,-5.91133160046227
"944",-0.238645129138604,0,10.15754653181
"945",0.00987668347079307,1,13.2377204775369
"946",-0.212768638390116,0,9.21339337807217
"947",1.18694398459047,1,0.21352304216968
"948",1.66297244024463,0,-6.26743350306892
"949",2.5140822295798,1,25.1965634333749
"950",2.00973647215869,1,9.79120034974744
"951",-1.98492581094615,0,-9.69702448105575
"952",-1.52151655277703,0,-11.5917661886396
"953",1.0321801911341,1,1.47703249118584
"954",2.30855646613054,1,17.8365190732881
"955",0.757723427261226,1,5.17473420415126
"956",-1.05662294279318,0,-5.77048781735495
"957",2.36063745245337,0,7.25638456621108
"958",-1.46770859556273,0,-9.93346336131
"959",0.188768402556889,1,16.8717032777741
"960",-2.44598732085433,0,1.14657002272541
"961",-0.517612762283534,1,9.36781004238252
"962",-0.0681106999982148,0,11.3504440959519
"963",-1.80848928238265,0,-13.3453896571423
"964",0.934005012153648,0,0.813102068936176
"965",-0.836627675569616,0,-2.35642743284109
"966",-1.18199524492957,0,-6.48820700320677
"967",-0.52753630024381,1,6.89019399666224
"968",2.41100726881996,1,23.0569882146111
"969",2.94844995788299,1,35.3180518695383
"970",1.52831658604555,0,-4.53260870454613
"971",2.96033448551316,1,36.2887265391612
"972",0.468841491616331,0,6.66272730638154
"973",-0.114090309944004,0,11.3170666462852
"974",2.80570520809852,1,32.6923336330519
"975",-1.68424196226988,0,-12.2093922037297
"976",-2.13428819319233,0,-7.83722154867723
"977",-2.36661681579426,0,1.27359651610854
"978",0.868327830103226,1,4.73500798545727
"979",1.33134811429773,1,2.50568512012535
"980",1.90628037962597,1,6.97790712026751
"981",-1.74248343857471,0,-12.5567477691065
"982",-1.62118347501382,0,-13.4663273599314
"983",2.93858476134483,1,33.6325108266897
"984",-0.307448674575426,0,6.59808671664555
"985",-1.4664850110421,0,-13.2272518698755
"986",0.127505326177925,1,15.9295981780856
"987",0.493287125020288,0,6.90029475449002
"988",-0.695131106185727,0,4.75156731424288
"989",2.99961826507933,1,38.0442717096577
"990",0.402800097945146,0,11.0032811734474
"991",-1.76446020498406,0,-10.1518294662158
"992",-0.0880296273389831,0,11.9815722939117
"993",0.914366668905132,1,6.1936903636694
"994",-1.38398173335008,1,-3.15833270575974
"995",-1.76206624996848,0,-9.53500492274963
"996",1.77258698921651,1,4.73432172449326
"997",0.997724167769775,1,5.91813240526102
"998",-0.948250368586741,0,-4.82082844136228
"999",-1.44807299145032,0,-9.36604880971703
"1000",-1.03954804036766,0,-5.89420871051595
